Produto,Preço,Sabores,Avaliação,Descrição,Imagem,Tabela Nutricional
Overclock 2.0 Foco Energia Performance 210g,"R$ 139,90",Pêssego com Tangerina | Maracujá | Frutas Vermelhas | Chocomilk | Pink Lemonade | Tutti Frutti,4.8 baseado em 1222 avaliações,"Overclock 2.0 é o aliado ideal para elevar sua produtividade e desempenho diariamente. Com uma fórmula exclusiva de ingredientes naturais, como colina, cafeína, Coenzima Q10, polifenóis, tirosina, inositol e vitaminas A, C, D, E e do complexo B, promove foco prolongado, concentração contínua e energia estável, sem causar danos. Deve ser consumido 15 minutos antes de trabalho, estudos ou esportes, até 3 vezes ao dia. Seguro e natural, seu uso recorrente contribui para memória, imunidade e saúde celular. Contém 30 doses",https://bebaoverclock.com.br/cdn/shop/files/1_pote_Pessego-450746.jpg?v=1729928667,https://bebaoverclock.com.br/cdn/shop/products/4-314162.png?v=1711845947&width=1600
Kit Duplo Overclock 2.0 Foco Energia Performance 420g,"R$ 279,80",Pêssego com Tangerina | Maracujá | Frutas Vermelhas | Chocomilk | Pink Lemonade | Tutti Frutti | Pêssego com Tangerina | Maracujá | Chocomilk | Frutas Vermelhas | Tutti Frutti | Pink Lemonade,4.8 baseado em 1222 avaliações,"Overclock 2.0 é o aliado ideal para elevar sua produtividade e performance diária. Com uma fórmula exclusiva de ingredientes naturais, como colina, cafeína, Coenzima Q10, polifenóis, tirosina, inositol e vitaminas A, C, D, E e do complexo B, promove foco prolongado, concentração contínua e energia estável, sem causar agitação. Deve ser consumido 15 minutos antes de trabalho, estudos ou esportes, até 3 vezes ao dia. Seguro e natural, seu uso recorrente contribui para memória, imunidade e saúde celular.",https://bebaoverclock.com.br/cdn/shop/products/1pote_tutti_4f887235-0adf-4ecd-a0ca-81a37f8d5abd-270963.jpg?v=1736777465,https://bebaoverclock.com.br/cdn/shop/files/Pink_Limonade_Maracuja-576190.jpg?v=1736777467&width=1600
Kit Overclock 2.0 210g com Shaker para Foco Energia e Performance,"R$ 159,90",Pêssego com Tangerina | Maracujá | Frutas Vermelhas | Chocomilk | Tutti Frutti | Pink Lemonade,4.8 baseado em 1222 avaliações,"Overclock 2.0 é o aliado ideal para elevar sua produtividade e performance diária. Com uma fórmula exclusiva de ingredientes naturais, como colina, cafeína, Coenzima Q10, polifenóis, tirosina, inositol e vitaminas A, C, D, E e do complexo B, promove foco prolongado, concentração contínua e energia estável, sem causar agitação. Deve ser consumido 15 minutos antes de trabalho, estudos ou esportes, até 3 vezes ao dia. Seguro e natural, seu uso recorrente contribui para memória, imunidade e saúde celular.",https://bebaoverclock.com.br/cdn/shop/files/1_pote_Shaker_Pessego-328205.png?v=1737006201,https://bebaoverclock.com.br/cdn/shop/products/4_1cc76963-d8c9-429a-9043-ad3f1d5e8cdc-794960.png?v=1736954409&width=1600
Kit Starter Pack Overclock 2.0 Foco para o Dia,"R$ 79,90 → R$ 69,90",N/A,,"Starter Pack Overclock Sachê é sinônimo de recarga de disposição e alta performance mental em literalmente qualquer ambiente. Você duvida? Experimente somar o foco redobrado que só Overclock dá, com a praticidade de ter uma dose aonde quer que você vá. A resposta para isso é Overclock em sachê – mais especificamente 06 sachês + shakeira. Aposte na facilidade de ter Overclock na sua rotina!
Composição do combo:
03 unidades de sachê sabor pêssego com tangerina 2.0
03 unidades de sachê sabor Frutas Vermelhas 2.0
01 unidade da Shakeira Clássica 2.0
Overclock 2.0 é o aliado ideal para elevar sua produtividade e performance diária. Com uma fórmula exclusiva de ingredientes naturais, como colina, cafeína, Coenzima Q10, polifenóis, tirosina, inositol e vitaminas A, C, D, E e do complexo B, promove foco prolongado, concentração contínua e energia estável, sem causar agitação. Deve ser consumido 15 minutos antes de trabalho, estudos ou esportes, até 3 vezes ao dia. Seguro e natural, seu uso recorrente contribui para memória, imunidade e saúde celular.",https://bebaoverclock.com.br/cdn/shop/files/bde3d7b084d29b1d42bfa880633c7ec7.jpg?v=1738911852,N/A
Kit Duplo Overclock 2.0 Potes 420g com Shaker GRÁTIS Concentração Energia Performance,"R$ 299,80 → R$ 279,80",Maracujá | Pêssego com Tangerina | Frutas Vermelhas | Pink Lemonade | Tutti Frutti | Maracujá | Pêssego com Tangerina | Frutas Vermelhas | Pink Lemonade | Tutti Frutti,5.0 baseado em 1 avaliações,"Overclock 2.0 é o aliado ideal para elevar sua produtividade e performance diária. Com uma fórmula exclusiva de ingredientes naturais, como colina, cafeína, Coenzima Q10, polifenóis, tirosina, inositol e vitaminas A, C, D, E e do complexo B, promove foco prolongado, concentração contínua e energia estável, sem causar agitação. Deve ser consumido 15 minutos antes de trabalho, estudos ou esportes, até 3 vezes ao dia. Seguro e natural, seu uso recorrente contribui para memória, imunidade e saúde celular.",https://bebaoverclock.com.br/cdn/shop/files/10_maracuja_-tutti_-shakeira-341864.jpg?v=1733194500,https://bebaoverclock.com.br/cdn/shop/files/4_frutas_-maracuja-e-shakeira-164196.jpg?v=1733194500&width=1600
Kit Starter Pack Overclock 2.0 Foco para o Dia + Overclock Night Bem-Estar Noturno,"R$ 79,90 → R$ 69,90",N/A,,"Overclock 2.0 é o aliado ideal para elevar sua produtividade e performance diária. Com uma fórmula exclusiva de ingredientes naturais, como colina, cafeína, Coenzima Q10, polifenóis, tirosina, inositol e vitaminas A, C, D, E e do complexo B, promove foco prolongado, concentração contínua e energia estável, sem causar agitação. Deve ser consumido 15 minutos antes de trabalho, estudos ou esportes, até 3 vezes ao dia. Seguro e natural, seu uso recorrente contribui para memória, imunidade e saúde celular.
  Overclock Night é o complemento perfeito para noites tranquilas e uma rotina equilibrada. Com uma fórmula desenvolvida para promover relaxamento e bem-estar, combina ingredientes naturais e vitaminas essenciais. Ideal para ser consumido à noite, em ambiente tranquilo e sem exposição a telas, apoia a qualidade do sono e contribui para um despertar renovado. Seguro e natural, é o aliado ideal para uma recuperação noturna eficaz.",https://bebaoverclock.com.br/cdn/shop/files/b5d826383e4f8eadd5ec6dd2f1db4d51.jpg?v=1738911852,N/A
Kit Overclock 2.0 Foco para o Dia e Overclock Night Bem-Estar Noturno,"R$ 289,80 → R$ 219,80",Pêssego com Tangerina | Pink Lemonade | Frutas Vermelhas | Maracujá | Tutti Frutti | Chocomilk | Maracujá,4.8 baseado em 13 avaliações,"Overclock Night é o complemento perfeito para noites tranquilas e uma rotina equilibrada. Com uma fórmula desenvolvida para promover relaxamento e bem-estar, combina ingredientes naturais e vitaminas essenciais. Ideal para ser consumido à noite, em ambiente tranquilo e sem exposição a telas, apoia a qualidade do sono e contribui para um despertar renovado. Seguro e natural, é o aliado ideal para uma recuperação noturna eficaz.",https://bebaoverclock.com.br/cdn/shop/files/ON_tutti-331367.jpg?v=1724708493,https://bebaoverclock.com.br/cdn/shop/files/ON_PL-894665.jpg?v=1724708493&width=1600
Starter Pack Overclock Night,"R$ 69,90 → R$ 59,90",N/A,,"Composição do kit: 1 shakeira e 6 sachês de overclock night, cada sachê contém dose única
Overclock Night é o complemento perfeito para noites tranquilas e uma rotina equilibrada. Com uma fórmula desenvolvida para promover relaxamento e bem-estar, combina ingredientes naturais e vitaminas essenciais. Ideal para ser consumido à noite, em ambiente tranquilo e sem exposição a telas, apoia a qualidade do sono e contribui para um despertar renovador. Seguro e natural, é o aliado ideal para uma recuperação noturna eficaz.",https://bebaoverclock.com.br/cdn/shop/files/WhatsApp_Image_2025-01-31_at_13.51.47_1.jpg?v=1738414653,N/A
Kit 3 Sachês Overclock Night Bebida para Rituais Noturnos e Bem-Estar 21g,"R$ 20,00",N/A,5.0 baseado em 4 avaliações,"Composição do Kit 3 sachês Overclock Night
Overclock Night é o complemento perfeito para noites tranquilas e uma rotina equilibrada. Com uma fórmula desenvolvida para promover relaxamento e bem-estar, combina ingredientes naturais e vitaminas essenciais. Ideal para ser consumido à noite, em ambiente tranquilo e sem exposição a telas, apoia a qualidade do sono e contribui para um despertar renovado. Seguro e natural, é o aliado ideal para uma recuperação noturna eficaz.",https://bebaoverclock.com.br/cdn/shop/files/WhatsApp_Image_2025-01-24_at_13.07.53-835711.jpg?v=1737751867,N/A
Kit Overclock Night 150g Bebida para Rituais Noturnos com Shaker Exclusivo,"R$ 169,90",N/A,,"O Kit inclui: Overclock Night (150g - 30 doses) + Shakeira Exclusiva
Overclock Night é o complemento perfeito para noites tranquilas e uma rotina equilibrada. Com uma fórmula desenvolvida para promover relaxamento e bem-estar, combina ingredientes naturais e vitaminas essenciais. Ideal para ser consumido à noite, em ambiente tranquilo e sem exposição a telas, apoia a qualidade do sono e contribui para um despertar renovador. Seguro e natural, é o aliado ideal para uma recuperação noturna eficaz. Misture em 200ml, de água fria ou quente antes de dormir. Contém 30 doses + Sheikeira 600ml",https://bebaoverclock.com.br/cdn/shop/files/cdf7ef95b6d99a891e31ffc2a325ca8d-252352.jpg?v=1728685743,N/A
Kit Duplo Overclock Night Bebida para Rituais Noturnos e Bem-Estar 300g,"R$ 299,80 → R$ 219,80",Maracujá,5.0 baseado em 1 avaliações,"Overclock Night é o complemento perfeito para noites tranquilas e uma rotina equilibrada. Com uma fórmula desenvolvida para promover relaxamento e bem-estar, combina ingredientes naturais e vitaminas essenciais. Ideal para ser consumido à noite, em ambiente tranquilo e sem exposição a telas, apoia a qualidade do sono e contribui para um despertar renovado. Seguro e natural, é o aliado ideal para uma recuperação noturna eficaz.",https://bebaoverclock.com.br/cdn/shop/files/ON_ON-186600.jpg?v=1724708487,https://bebaoverclock.com.br/cdn/shop/files/Arte_58_fcb3ed8a-a76c-493b-b526-5bbc9820349f.png?v=1724421791&width=1600
Overclock Night 150g Bebida para Rituais Noturnos e Bem-Estar,"R$ 149,90 → R$ 119,90",Maracujá | N/A | N/A | N/A | N/A | N/A | N/A | N/A | N/A | N/A | N/A | N/A,4.8 baseado em 13 avaliações,"Overclock Night é o complemento perfeito para noites tranquilas e uma rotina equilibrada. Com uma fórmula desenvolvida para promover relaxamento e bem-estar, combina ingredientes naturais e vitaminas essenciais. Ideal para ser consumido à noite, em ambiente tranquilo e sem exposição a telas, apoia a qualidade do sono e contribui para um despertar renovado. Seguro e natural, é o aliado ideal para uma recuperação noturna eficaz. Misturar em 200 ml de água fria e quente antes de dormir. Contém 30 Doses, 150g",https://bebaoverclock.com.br/cdn/shop/files/7216341c701b003b5ac1c94f98d098cd-287733.jpg?v=1723217058,https://bebaoverclock.com.br/cdn/shop/files/WhatsAppImage2024-07-02at17.16.37-284802.jpg?v=1719985456&width=1600
Compre 1 Display e Leve 2,"R$ 148,50",Pêssego com Tangerina | Frutas Vermelhas | Tutti Frutti | Pêssego com Tangerina | Frutas Vermelhas | Tutti Frutti,,N/A,https://bebaoverclock.com.br/cdn/shop/files/compre1ganheoutro-271413.jpg?v=1721394113,N/A
BONÉ OVERCLOCK 2.0,"R$ 60,00",N/A,,"Boné Overclock, criado em homenagem aos nossos fãs! Com um design moderno e prático, é perfeito para quem quer levar o espírito Overclock para todos os lugares.",https://bebaoverclock.com.br/cdn/shop/files/WhatsAppImage2024-07-02at17.16.37-284802.jpg?v=1719985456,N/A
Bag Overclock,"R$ 69,90 → R$ 50,00",N/A,,Edição limitada!,https://bebaoverclock.com.br/cdn/shop/files/BAG_Ecommerce-850449.jpg?v=1717831138,N/A
Display 15 Sachês Overclock 2.0,"R$ 148,50 → R$ 119,00",Pêssego com Tangerina | Tutti frutti | Frutas Vermelhas,,"Overclock 2.0 é o aliado ideal para elevar sua produtividade e performance diária. Com uma fórmula exclusiva de ingredientes naturais, como colina, cafeína, Coenzima Q10, polifenóis, tirosina, inositol e vitaminas A, C, D, E e do complexo B, promove foco prolongado, concentração contínua e energia estável, sem causar agitação. Deve ser consumido 15 minutos antes de trabalho, estudos ou esportes, até 3 vezes ao dia. Seguro e natural, seu uso recorrente contribui para memória, imunidade e saúde celular.",https://bebaoverclock.com.br/cdn/shop/files/f34eaad243a27976355c9757724b90ab-572341.jpg?v=1711699565,https://bebaoverclock.com.br/cdn/shop/products/3_ac9d9a5f-41d4-4b3d-813e-337c12ceedfc-799090.png?v=1736954409&width=1600
Shakeira Overclock Classic 2.0,"R$ 29,90",N/A,5.0 baseado em 2 avaliações,Shakeira exclusiva Overclock,https://bebaoverclock.com.br/cdn/shop/products/sheikeira-426024.jpg?v=1708709290,N/A
Kit Overclock 2.0 com Shaker e Overclock Night Ganhe Mochila e Tapa olho,"R$ 279,80",Frutas Vermelhas | Pêssego com Tangerina | Maracujá | Chocomilk,,"Overclock 2.0 é o aliado ideal para elevar sua produtividade e desempenho diariamente. Com uma fórmula exclusiva de ingredientes naturais, como colina, cafeína, Coenzima Q10, polifenóis, tirosina, inositol e vitaminas A, C, D, E e do complexo B, promove foco prolongado, concentração contínua e energia estável, sem causar danos. Deve ser consumido 15 minutos antes de trabalho, estudos ou esportes, até 3 vezes ao dia. Seguro e natural, seu uso recorrente contribui para memória, imunidade e saúde celular. Contém 30 doses
 ",https://bebaoverclock.com.br/cdn/shop/files/WhatsAppImage2025-03-11at12.44.28_1.jpg?v=1741811958,N/A
Kit Overclock 2.0 e Overclock Night Ganhe Shaker e Tapa olho,"R$ 259,80",Frutas Vermelhas | Pêssego com Tangerina | Maracujá | Chocomilk | N/A | N/A | N/A,,"Composição do kit:
Overclock 2.0
Overclock Night
Shakeira Exclusiva da Marca
Tapa Olho
Overclock 2.0 é o aliado ideal para elevar sua produtividade e desempenho diariamente. Com uma fórmula exclusiva de ingredientes naturais, como colina, cafeína, Coenzima Q10, polifenóis, tirosina, inositol e vitaminas A, C, D, E e do complexo B, promove foco prolongado, concentração contínua e energia estável, sem causar danos. Deve ser consumido 15 minutos antes de trabalho, estudos ou esportes, até 3 vezes ao dia. Seguro e natural, seu uso recorrente contribui para memória, imunidade e saúde celular. Contém 30 doses
 ",https://bebaoverclock.com.br/cdn/shop/files/WhatsApp_Image_2025-03-17_at_11.09.19.jpg?v=1742309168,N/A
